name,type,value,date
A Heroine of '76,Lois Weber,1,1911
The Martyr,Lois Weber,1,1911
On the Brink,Lois Weber,1,1911
The Realization,Lois Weber,1,1911
A Breach of Faith,Lois Weber,2,1911
The Heiress,Lois Weber,1,1911
From Death to Life,Lois Weber,1,1911
The Price,Lois Weber,1,1911
The Twins,Lois Weber,1,1911
Fate,Lois Weber,1,1911
Leaves in the Storm,Lois Weber,2,1912
Faraway Fields,Lois Weber,2,1912
The Greater Love,Lois Weber,2,1912
Fine Feathers,Lois Weber,1,1912
Angels Unaware,Lois Weber,1,1912
The Price of Peace,Lois Weber,1,1912
The Power of Thought,Lois Weber,2,1912
The Bargain,Lois Weber,1,1912
An Old Fashioned Girl,Lois Weber,1,1912
A Japanese Idyll,Lois Weber,1,1912
The Troubadour's Triumph,Lois Weber,1,1912
The Greater Christian,Lois Weber,1,1912
Eyes That See Not,Lois Weber,1,1912
The Final Pardon,Lois Weber,1,1912
The Wife's Deceit,Lois Weber,1,1913
Until Death,Lois Weber,2,1913
The Thumb Print,Lois Weber,1,1913
His Brand,Lois Weber,2,1913
The Dragon's Breath,Lois Weber,1,1913
The Cap of Destiny,Lois Weber,1,1913
The Fallen Angel,Lois Weber,1,1913
His Sister,Lois Weber,1,1913
In the Blood,Lois Weber,1,1913
Memories,Lois Weber,5,1913
The Haunted Bride,Lois Weber,2,1913
Two Thieves,Lois Weber,1,1913
The Pretender,Lois Weber,3,1913
How Men Propose,Lois Weber,2,1913
Shadows of Life,Lois Weber,2,1913
The Clue,Lois Weber,1,1913
The Rosary,Lois Weber,1,1913
Through Strife,Lois Weber,1,1913
The Peacemaker,Lois Weber,1,1913
The Mask,Lois Weber,3,1913
The Trifler,Lois Weber,1,1913
A Book of Verses,Lois Weber,1,1913
The King Can Do No Wrong,Lois Weber,1,1913
The Blood Brotherhood,Lois Weber,2,1913
Civilized and Savage,Lois Weber,1,1913
An Empty Box,Lois Weber,1,1913
The Jew's Christmas,Lois Weber,3,1913
Suspense,Lois Weber,2,1913
Two Thieves and a Cross,Lois Weber,2,1913
Never Again,Lois Weber,1,1913
The Poverty of Riches,Lois Weber,1,1913
Troubled Waters,Lois Weber,1,1913
James Lee's Wife,Lois Weber,2,1913
The Light Woman,Lois Weber,2,1913
Bobby's Baby,Lois Weber,1,1913
Just in Time,Lois Weber,2,1913
An Old Locket,Lois Weber,1,1914
A Fool and His Money,Lois Weber,2,1914
The Spider and Her Web,Lois Weber,2,1914
Plain Mary,Lois Weber,1,1914
A Modern Fairy Tale,Lois Weber,1,1914
The Pursuit of Hate,Lois Weber,2,1914
The Merchant of Venice,Lois Weber,3,1914
Woman's Burden,Lois Weber,3,1914
Daisies,Lois Weber,1,1914
An Episode,Lois Weber,2,1914
The Coward Hater,Lois Weber,2,1914
The Female of the Species,Lois Weber,2,1914
The Triumph of Mind,Lois Weber,4,1914
The Baby's Doll,Lois Weber,3,1914
The Man Who Slept,Lois Weber,2,1914
Closed Gates,Lois Weber,1,1914
The Leper's Coat,Lois Weber,2,1914
The Stone in the Road,Lois Weber,2,1914
The Traitor,Lois Weber,0,1914
Lost by a Hair,Lois Weber,4,1914
Avenged,Lois Weber,2,1914
Behind the Veil,Lois Weber,2,1914
On Suspicion,Lois Weber,1,1914
Helping Mother,Lois Weber,3,1914
The Career of Waterloo Peterson,Lois Weber,2,1914
Mabel's Strange Predicament,Mabel Normand,3,1914
Mabel's Bear Escape,Mabel Normand,1,1914
Mabel's Nerve,Mabel Normand,1,1914
Caught in a Cabaret,Mabel Normand,7,1914
Mabel's Stormy Love Affair,Mabel Normand,1,1914
Won in a Closet,Mabel Normand,2,1914
Mabel at the Wheel,Mabel Normand,4,1914
Love and Gasoline,Mabel Normand,2,1914
Captain Courtesy,Lois Weber,2,1915
Sunshine Molly,Lois Weber,5,1915
A Cigarette - That's All,Lois Weber,2,1915
Scandal,Lois Weber,5,1915
Betty in Search of a Thrill,Lois Weber,4,1915
It's No Laughing Matter,Lois Weber,3,1915
Jewel,Lois Weber,5,1915
Hypocrites,Lois Weber,6,1915
Mabel and Fatty Viewing the World's Fair at San Francisco,Mabel Normand,2,1915
The Rock of Riches,Lois Weber,1,1916
Under the Spell,Lois Weber,2,1916
John Needham's Double,Lois Weber,2,1916
Discontent,Lois Weber,2,1916
The Dumb Girl of Portici,Lois Weber,6,1916
The Gilded Life,Lois Weber,1,1916
Saving the Family Name,Lois Weber,3,1916
Shoes,Lois Weber,5,1916
Where Are My Children?,Lois Weber,8,1916
Wanted: A Home,Lois Weber,4,1916
The Flirt,Lois Weber,3,1916
Hop - The Devil's Brew,Lois Weber,3,1916
There Is No Place Like Home,Lois Weber,1,1916
The Dance of Love,Lois Weber,1,1916
Idle Wives,Lois Weber,9,1916
The Eye of God,Lois Weber,2,1916
The Price of a Good Time,Lois Weber,5,1917
Even As You and I,Lois Weber,3,1917
The Hand That Rocks the Cradle,Lois Weber,4,1917
The Boyhood He Forgot,Lois Weber,1,1917
The Mysterious Mrs. Musslewhite,Lois Weber,2,1917
For Husbands Only,Lois Weber,3,1918
The Doctor and the Woman,Lois Weber,3,1918
Borrowed Clothes,Lois Weber,4,1918
A Midnight Romance,Lois Weber,4,1919
When a Girl Loves,Lois Weber,1,1919
Home,Lois Weber,4,1919
Forbidden,Lois Weber,2,1919
Mary Regan,Lois Weber,2,1919
Mum's the Word,Lois Weber,1,1920
Too Wise Wives,Lois Weber,2,1921
The Blot,Lois Weber,4,1921
A Chapter in Her Life,Lois Weber,5,1923
The Marriage Clause,Lois Weber,3,1926
Sensation Seekers,Lois Weber,10,1927
Topsy and Eva,Lois Weber,7,1927
The Angel of Broadway,Lois Weber,8,1927
Get Your Man,Dorothy Arzner,4,1927
The Wild Party,Dorothy Arzner,12,1929
Behind the Make-Up,Dorothy Arzner,2,1930
Anybody's Woman,Dorothy Arzner,6,1930
Paramount on Parade,Dorothy Arzner,32,1930
Sarah and Son,Dorothy Arzner,4,1930
Working Girls,Dorothy Arzner,23,1931
Honor Among Lovers,Dorothy Arzner,8,1931
Merrily We Go to Hell,Dorothy Arzner,8,1932
Christopher Strong,Dorothy Arzner,8,1933
White Heat,Lois Weber,4,1934
Nana,Dorothy Arzner,11,1934
Der Graf von Carabas,Lotte Reiniger,0,1935
Craig's Wife,Dorothy Arzner,12,1936
Silhouetten,Lotte Reiniger,9,1936
The Last of Mrs. Cheyney,Dorothy Arzner,7,1937
The Bride Wore Red,Dorothy Arzner,10,1937
The King's Breakfast,Lotte Reiniger,1,1937
"Dance, Girl, Dance",Dorothy Arzner,15,1940
First Comes Courage,Dorothy Arzner,5,1943
Meshes of the Afternoon,Maya Deren,1,1943
Witch's Cradle,Maya Deren,1,1944
Here and There,Lotte Reiniger,1,1949
Medusa,Maya Deren,1,1949
Not Wanted,Ida Lupino,11,1949
Not Without Licence,Lotte Reiniger,1,1950
The Dancing Fleece,Lotte Reiniger,6,1950
Never Fear,Ida Lupino,3,1950
Outrage,Ida Lupino,8,1950
Ensemble for Somnambulists,Maya Deren,2,1951
On Dangerous Ground,Ida Lupino,14,1951
"Hard, Fast and Beautiful!",Ida Lupino,6,1951
Dance in the Sun,Shirley Clarke,1,1953
The Hitch-Hiker,Ida Lupino,3,1953
General Electric Theater (1961-1962),Ida Lupino,19,1953
The Bigamist,Ida Lupino,6,1953
Climax!,Ida Lupino,17,1954
La Pointe Courte,Agnes Varda,3,1955
Bullfight,Shirley Clarke,1,1955
Alfred Hitchcock Presents (1960-1961),Ida Lupino,11,1955
Screen Directors Playhouse,Ida Lupino,12,1955
The Joseph Cotten Show: On Trial,Ida Lupino,10,1955
The Star of Bethlehem,Lotte Reiniger,1,1956
Jack and the Beanstalk,Lotte Reiniger,0,1956
Mr. Adams and Eve,Ida Lupino,16,1957
Diary of a Pregnant Woman,Agnes Varda,3,1958
Along the Coast,Agnes Varda,1,1958
"O saisons, √¥ ch√¢teaux",Agnes Varda,1,1958
The Very Eye of Night,Maya Deren,3,1958
Teenage Idol,Ida Lupino,3,1958
The Donna Reed Show,Ida Lupino,20,1958
77 Sunset Strip,Ida Lupino,19,1958
The Rifleman,Ida Lupino,6,1958
The Untouchables (1962-1963),Ida Lupino,1,1959
Hotel de Paree (1959-1960),Ida Lupino,6,1959
The Twilight Zone,Ida Lupino,6,1959
Kocicina - Pan K√°,Vera Chytilova,2,1960
Dante,Ida Lupino,25,1960
Hong Kong,Ida Lupino,18,1960
Thriller (1961-1962),Ida Lupino,17,1960
Tate,Ida Lupino,10,1960
The Fianc√©s of the Bridge Mac Donald,Agnes Varda,3,1961
Zurnal FAMU - Prvn√≠ obcasn√≠k,Vera Chytilova,3,1961
The Connection,Shirley Clarke,2,1961
Dr. Kildare,Ida Lupino,21,1961
Cleo from 5 to 7,Agnes Varda,10,1962
Strop,Vera Chytilova,4,1962
The Virginian,Ida Lupino,5,1962
Sam Benedict (1962-1963),Ida Lupino,12,1962
The Basilisks,Lina Wertmu‚ï†√™ller,5,1963
Something Different,Vera Chytilova,6,1963
The House Is Black,Forugh Farrokhzad,1,1963
Robert Frost: A Lover's Quarrel with the World,Shirley Clarke,0,1963
The Cool World,Shirley Clarke,10,1963
Kraft Suspense Theatre,Ida Lupino,9,1963
The Fugitive (1963-1964),Ida Lupino,9,1963
Breaking Point,Ida Lupino,28,1963
Mr. Novak (1963-1965),Ida Lupino,17,1963
Bob Hope Presents the Chrysler Theatre,Ida Lupino,7,1963
Il giornalino di Gian Burrasca (1964-1965),Lina Wertmu‚ï†√™ller,18,1964
Salut les Cubains,Agnes Varda,1,1964
New Reports from France,Agnes Varda,6,1964
Bewitched,Ida Lupino,17,1964
Gilligan's Island (1964-1966),Ida Lupino,8,1964
The Rogues (1964-1965),Ida Lupino,15,1964
Daniel Boone,Ida Lupino,2,1964
Karen,Ida Lupino,12,1964
Let's Talk About Men,Lina Wertmu‚ï†√™ller,4,1965
Le Bonheur,Agnes Varda,7,1965
Pearls of the Deep,Vera Chytilova,6,1965
Rita the Mosquito,Lina Wertmu‚ï†√™ller,11,1966
The Creatures,Agnes Varda,9,1966
Elsa la rose,Agnes Varda,0,1966
Daisies,Vera Chytilova,8,1966
The Trouble with Angels,Ida Lupino,32,1966
Don't Sting the Mosquito,Lina Wertmu‚ï†√™ller,8,1967
Uncle Yanco,Agnes Varda,2,1967
Far from Vietnam,Agnes Varda,3,1967
Portrait of Jason,Shirley Clarke,1,1967
Dundee and the Culhane,Ida Lupino,5,1967
The Belle Star Story,Lina Wertmu‚ï†√™ller,2,1968
Black Panthers,Agnes Varda,1,1968
The Ghost & Mrs. Muir,Ida Lupino,14,1968
Lions Love,Agnes Varda,4,1969
Uncle Tom's Fairy Tales,Penelope Spheeris,0,1969
Wanda,Barbara Loden,8,1970
Fruit of Paradise,Vera Chytilova,3,1970
Nausicaa,Agnes Varda,4,1971
Roof Needs Mowing,Gillian Armstrong,2,1971
A New Leaf,Elaine May,9,1971
The Seduction of Mimi,Lina Wertmu‚ï†√™ller,6,1972
The Heartbreak Kid,Elaine May,8,1972
I Don't Know,Penelope Spheeris,1,1972
The Immigrant Experience: The Long Long Journey,Joan Micklin Silver,5,1972
David: Off and On, Martha Coolidge,2,1972
ABC Afterschool Specials,Claudia Weill,28,1972
Love & Anarchy,Lina Wertmu‚ï†√™ller,19,1973
One Hundred a Day,Gillian Armstrong,7,1973
The Fur Coat Club,Joan Micklin Silver,2,1973
All Screwed Up,Lina Wertmu‚ï†√™ller,17,1974
Swept Away,Lina Wertmu‚ï†√™ller,4,1974
The Case of the Elevator Duck,Joan Micklin Silver,2,1974
Four Women,Julie Dash,1,1975
Seven Beauties,Lina Wertmu‚ï†√™ller,8,1975
Women Reply,Agnes Varda,3,1975
The Boy Who Liked Deer,Barbara Loden,0,1975
The Frontier Experience,Barbara Loden,1,1975
Hester Street,Joan Micklin Silver,9,1975
The Other Half of the Sky: A China Memoir,Claudia Weill,1,1975
Daguerr√©otypes,Agnes Varda,1,1976
The Pleasure of Love in Iran,Agnes Varda,2,1976
Laverne & Shirley (1979-1981),Penny Marshall,18,1976
Smokes & Lollies,Gillian Armstrong,0,1976
And You Act Like One Too,Susan Seidelman,2,1976
Mikey and Nicky,Elaine May,8,1976
A Real Young Girl,Catherine Breillat,5,1976
Bernice Bobs Her Hair,Joan Micklin Silver,6,1976
Not a Pretty Picture, Martha Coolidge,5,1976
Diary of an African Nun,Julie Dash,4,1977
News from Home,Chantal Akerman,1,1977
"One Sings, the Other Doesn't",Agnes Varda,21,1977
The Apple Game,Vera Chytilova,18,1977
The Singer and the Dancer,Gillian Armstrong,7,1977
Between the Lines,Joan Micklin Silver,12,1977
Winners, Martha Coolidge,8,1977
Mother of Many Children,Alanis Obomsawin,1,1977
The Meetings of Anna,Chantal Akerman,4,1978
Getting It Over with,Amy Heckerling,1,1978
Blood Feud,Lina Wertmu‚ï†√™ller,4,1978
A Night Full of Rain,Lina Wertmu‚ï†√™ller,12,1978
Mysterium,Shirley Clarke,1,1978
Bimbo, Martha Coolidge,0,1978
Girlfriends,Claudia Weill,13,1978
Working Stiffs,Penny Marshall,4,1979
My Brilliant Career,Gillian Armstrong,19,1979
"Yours Truly, Andrea G. Stern",Susan Seidelman,5,1979
Nocturnal Uproar,Catherine Breillat,8,1979
Thriller,Sally Potter,2,1979
Chilly Scenes of Winter,Joan Micklin Silver,12,1979
Tell Me,Chantal Akerman,1,1980
Panelstory aneb Jak se rod√≠ s√≠dliste,Vera Chytilova,24,1980
The Cruz Brothers and Miss Malloy,Kathleen Collins (II),6,1980
It's My Turn,Claudia Weill,9,1980
The Loveless,Kathryn Bigelow,7,1981
Documenteur,Agnes Varda,6,1981
Mur murs,Agnes Varda,3,1981
American Playhouse,Barbara Kopple,19,1981
"Fourteen's Good, Eighteen's Better",Gillian Armstrong,0,1981
The Decline of Western Civilization,Penelope Spheeris,8,1981
Illusions,Julie Dash,7,1982
Toute une nuit,Chantal Akerman,26,1982
T√©l√©vision de chambre,Chantal Akerman,18,1982
Fast Times at Ridgemont High,Amy Heckerling,24,1982
Calamity,Vera Chytilova,11,1982
Chytilova Versus Forman,Vera Chytilova,0,1982
Starstruck,Gillian Armstrong,16,1982
The Devil's Workshop,Euzhan Palcy,1,1982
Smithereens,Susan Seidelman,14,1982
Losing Ground,Kathleen Collins (II),8,1982
A Question of Silence,Marleen Gorris,10,1982
Les ann√©es 80,Chantal Akerman,22,1983
On Tour with Pina Bausch,Chantal Akerman,2,1983
"A Joke of Destiny, Lying in Wait Around the Corner Like a Bandit",Lina Wertmu‚ï†√™ller,5,1983
Yentl,Barbra Streisand,11,1983
Une minute pour une image,Agnes Varda,1,1983
Ulysse,Agnes Varda,1,1983
Faunovo velmi pozdn√≠ odpoledne,Vera Chytilova,28,1983
Capitali culturali d'Europa,Vera Chytilova,7,1983
Passionless Moments,Jane Campion,4,1983
Sugar Cane Alley,Euzhan Palcy,16,1983
Suburbia,Penelope Spheeris,23,1983
The Gold Diggers,Sally Potter,10,1983
How to Be a Perfect Person in Just Three Days,Joan Micklin Silver,9,1983
Valley Girl, Martha Coolidge,16,1983
De geest van gras,Marleen Gorris,4,1983
Paris vu par... 20 ans apr√®s,Chantal Akerman,21,1984
"J'ai faim, j'ai froid",Chantal Akerman,2,1984
Family Business: Chantal Akerman Speaks About Film,Chantal Akerman,3,1984
Lettre d'un cin√©aste: Chantal Akerman,Chantal Akerman,2,1984
Johnny Dangerously,Amy Heckerling,15,1984
Sotto... sotto,Lina Wertmu‚ï†√™ller,13,1984
"7rm., kitch., bath., ... for sale",Agnes Varda,6,1984
The So-called Caryatids,Agnes Varda,1,1984
Prague: The Restless Heart of Europe,Vera Chytilova,0,1984
Mishaps of Seduction and Conquest,Jane Campion,1,1984
After Hours,Jane Campion,16,1984
CBS Schoolbreak Special,Gina Prince-Bythewood,20,1984
Mrs. Soffel,Gillian Armstrong,20,1984
Joy of Sex, Martha Coolidge,18,1984
The City Girl, Martha Coolidge,11,1984
Gebroken spiegels,Marleen Gorris,15,1984
Incident at Restigouche,Alanis Obomsawin,1,1984
National Lampoon's European Vacation,Amy Heckerling,20,1985
Camorra,Lina Wertmu‚ï†√™ller,16,1985
Vagabond,Agnes Varda,15,1985
The Story of an Old Lady,Agnes Varda,2,1985
American Masters,Barbara Kopple,7,1985
Divine Horsemen: The Living Gods of Haiti,Maya Deren,1,1985
Desert Hearts,Donna Deitch,12,1985
The Ties That Bind,Su Friendrich,0,1985
Desperately Seeking Susan,Susan Seidelman,22,1985
Madonna: Into the Groove,Susan Seidelman,2,1985
American Masters,Elaine May,7,1985
The Boys Next Door,Penelope Spheeris,18,1985
Naked Spaces: Living Is Round,Trinh T. Minh-ha,0,1985
Finnegan Begin Again,Joan Micklin Silver,10,1985
Ornette: Made in America,Shirley Clarke,0,1985
The Twilight Zone (1985-1987), Martha Coolidge,15,1985
Real Genius, Martha Coolidge,22,1985
The Twilight Zone,Claudia Weill,15,1985
Golden Eighties,Chantal Akerman,20,1986
Letters Home,Chantal Akerman,2,1986
"Seven Women, Seven Sins",Chantal Akerman,7,1986
Fast Times,Amy Heckerling,5,1986
"Summer Night with Greek Profile, Almond Eyes and Scent of Basil",Lina Wertmu‚ï†√™ller,3,1986
Putting It Together: The Making of the Broadway Album,Barbra Streisand,1,1986
"You've Got Beautiful Stairs, You Know",Agnes Varda,2,1986
Dancing Daze,Jane Campion,6,1986
An Exercise in Discipline: Peel,Jane Campion,1,1986
A Girl's Own Story,Jane Campion,36,1986
2 Friends,Jane Campion,15,1986
Hard to Handle: Bob Dylan in Concert,Gillian Armstrong,0,1986
Hollywood Vice Squad,Penelope Spheeris,18,1986
The London Story,Sally Potter,1,1986
Sledge Hammer!, Martha Coolidge,18,1986
Richard Cardinal: Cry from a Diary of a M√©tis Child,Alanis Obomsawin,2,1986
Caprice,Joanna Hogg,1,1986
Casualty (1997-1998),Joanna Hogg,25,1986
Johnny Bull,Claudia Weill,5,1986
Fast Times,Claudia Weill,5,1986
New Order: Touched by the Hand of God,Kathryn Bigelow,2,1987
Near Dark,Kathryn Bigelow,5,1987
The Tracey Ullman Show,Penny Marshall,25,1987
Vlci bouda,Vera Chytilova,8,1987
High Tide,Gillian Armstrong,12,1987
Damned If You Don't,Su Friendrich,2,1987
Making Mr. Right,Susan Seidelman,18,1987
Ishtar,Elaine May,10,1987
Dudes,Penelope Spheeris,8,1987
Megadeth: Wake Up Dead,Penelope Spheeris,0,1987
"Tears, Laughter, Fears and Rage",Sally Potter,2,1987
CBS Summer Playhouse, Martha Coolidge,14,1987
Plain Clothes, Martha Coolidge,17,1987
Border Radio,Allison Anders,5,1987
Poundmaker's Lodge: A Healing Place,Alanis Obomsawin,2,1987
Network 7,Joanna Hogg,4,1987
Thirtysomething (1987-1989),Claudia Weill,28,1987
Once a Hero,Claudia Weill,10,1987
"Cin√©ma, de notre temps",Chantal Akerman,10,1988
Jane B. for Agnes V.,Agnes Varda,6,1988
P.O.V.,Agnes Varda,6,1988
Kung-Fu Master!,Agnes Varda,9,1988
Big,Penny Marshall,17,1988
Sasek a kr√°lovna,Vera Chytilova,7,1988
"Bingo, Bridesmaids & Braces",Gillian Armstrong,1,1988
The Decline of Western Civilization Part II: The Metal Years,Penelope Spheeris,17,1988
Night Ranger: I Did It for Love,Penelope Spheeris,0,1988
Megadeth: In My Darkest Hour,Penelope Spheeris,0,1988
36 fillette,Catherine Breillat,6,1988
Women Filmmakers in Russia,Sally Potter,5,1988
Crossing Delancey,Joan Micklin Silver,34,1988
London's Burning,Joanna Hogg,19,1988
Les trois derni√®res sonates de Franz Schubert,Chantal Akerman,1,1989
"Histoires d'Am√©rique: Food, Family and Philosophy",Chantal Akerman,7,1989
Look Who's Talking,Amy Heckerling,21,1989
Il decimo clandestino,Lina Wertmu‚ï†√™ller,3,1989
Up to Date,Lina Wertmu‚ï†√™ller,5,1989
"A Hoof Here, a Hoof There",Vera Chytilova,23,1989
Sweetie,Jane Campion,14,1989
The Women of Brewster Place,Donna Deitch,28,1989
A Dry White Season,Euzhan Palcy,10,1989
She-Devil,Susan Seidelman,24,1989
Cookie,Susan Seidelman,14,1989
Bonfire: Sword & Stone,Penelope Spheeris,0,1989
No te la llevar√°s maldito,Lucrecia Martel,1,1989
La otra,Lucrecia Martel,0,1989
Loverboy,Joan Micklin Silver,25,1989
Trenchcoat in Paradise, Martha Coolidge,7,1989
Alphaville: Summer Rain,Susanne Bier,0,1989
Songlines,Susanne Bier,7,1989
Blue Steel,Kathryn Bigelow,11,1990
Look Who's Talking Too,Amy Heckerling,20,1990
"Saturday, Sunday and Monday",Lina Wertmu‚ï†√™ller,22,1990
Awakenings,Penny Marshall,24,1990
American Dream,Barbara Kopple,0,1990
An Angel at My Table,Jane Campion,63,1990
WIOU,Donna Deitch,19,1990
Sink or Swim,Su Friendrich,1,1990
Paris Is Burning,Jennie Livingston,4,1990
Megadeth: No More Mr. Nice Guy,Penelope Spheeris,0,1990
Thunder and Mud,Penelope Spheeris,5,1990
I'm British But...,Gurinder Chadha,0,1990
The Last Island,Marleen Gorris,2,1990
WIOU,Claudia Weill,19,1990
Daughters of the Dust,Julie Dash,37,1991
Lest We Forget,Chantal Akerman,9,1991
Night and Day,Chantal Akerman,6,1991
Point Break,Kathryn Bigelow,14,1991
The Prince of Tides,Barbra Streisand,17,1991
Jacquot,Agnes Varda,14,1991
My Pragues Understand Me,Vera Chytilova,4,1991
Fires Within,Gillian Armstrong,14,1991
Veronica Clare,Donna Deitch,19,1991
Prison Stories: Women on the Inside,Donna Deitch,18,1991
She Don't Fade,Cheryl Dunye,3,1991
UFO Abductions,Penelope Spheeris,0,1991
Rap's Most Wanted,Penelope Spheeris,0,1991
Visitors from the Unknown,Penelope Spheeris,4,1991
Prison Stories: Women on the Inside,Penelope Spheeris,18,1991
Dirty Like an Angel,Catherine Breillat,9,1991
A Nice Arrangement,Gurinder Chadha,6,1991
Big Girls Don't Cry... They Get Even,Joan Micklin Silver,12,1991
Sisters,Joan Micklin Silver,19,1991
Prison Stories: Women on the Inside,Joan Micklin Silver,18,1991
Rambling Rose, Martha Coolidge,4,1991
Bare Essentials, Martha Coolidge,5,1991
Freud Leaving Home,Susanne Bier,9,1991
Face of a Stranger,Claudia Weill,13,1991
"Ciao, Professore!",Lina Wertmu‚ï†√™ller,9,1992
L'encyclop√©die audio-visuelle,Lina Wertmu‚ï†√™ller,4,1992
A League of Their Own,Penny Marshall,56,1992
The Inheritance or Fuckoffguysgoodday,Vera Chytilova,11,1992
The Last Days of Chez Nous,Gillian Armstrong,13,1992
Sexual Advances,Donna Deitch,5,1992
Vanilla Sex,Cheryl Dunye,1,1992
Confessions of a Suburban Girl,Susan Seidelman,2,1992
Wayne's World,Penelope Spheeris,11,1992
"Queen: Bohemian Rhapsody, Wayne's World Version",Penelope Spheeris,0,1992
Another Country,Niki Caro,19,1992
Orlando,Sally Potter,12,1992
A Private Matter,Joan Micklin Silver,15,1992
Crazy in Love, Martha Coolidge,12,1992
Letter to Jonas,Susanne Bier,3,1992
Gas Food Lodging,Allison Anders,21,1992
Walker,Alanis Obomsawin,2,1992
A Child Lost Forever: The Jerry Sherwood Story,Claudia Weill,17,1992
Monologues,Chantal Akerman,3,1993
Tous les gar√ßons et les filles de leur √¢ge...,Chantal Akerman,19,1993
From the East,Chantal Akerman,0,1993
Walt Mink: Shine,Sofia Coppola,0,1993
Wild Palms,Kathryn Bigelow,13,1993
Homicide: Life on the Street (1998-1999),Kathryn Bigelow,17,1993
The Young Girls Turn 25,Agnes Varda,4,1993
Fallen Champ: The Untold Story of Mike Tyson,Barbara Kopple,4,1993
Homicide: Life on the Street (1997-1999),Barbara Kopple,17,1993
Gen: Galerie elity n√°roda (2001-2002),Vera Chytilova,4,1993
The Piano,Jane Campion,29,1993
Family Remains,Tamara Jenkins,3,1993
Homicide: Life on the Street,Lisa Cholodenko,17,1993
NYPD Blue (1995-2003),Donna Deitch,16,1993
Rules of the Road,Su Friendrich,1,1993
Hotheads,Jennie Livingston,1,1993
The Dutch Master,Susan Seidelman,7,1993
Danger Theatre,Penelope Spheeris,15,1993
The Beverly Hillbillies,Penelope Spheeris,30,1993
Bhaji on the Beach,Gurinder Chadha,17,1993
Lost in Yonkers, Martha Coolidge,6,1993
Family Matters,Susanne Bier,13,1993
Mi vida loca,Allison Anders,33,1993
Verhalen van de straat,Marleen Gorris,19,1993
Kanehsatake: 270 Years of Resistance,Alanis Obomsawin,1,1993
Vicious Circle,Joanna Hogg,1,1993
Renaissance Man,Penny Marshall,14,1994
A Century of Women,Barbara Kopple,35,1994
Souvenir,Lisa Cholodenko,3,1994
Little Women,Gillian Armstrong,32,1994
ER,Donna Deitch,26,1994
Robin's Hoods,Donna Deitch,20,1994
Criminal Passion,Donna Deitch,12,1994
A Change of Place,Donna Deitch,8,1994
The Little Rascals,Penelope Spheeris,16,1994
River of Grass,Kelly Reichardt,12,1994
The Last Good Breath,Kimberly Peirce,0,1994
Angie, Martha Coolidge,35,1994
Chicago Hope,Claudia Weill,26,1994
Birdland,Claudia Weill,14,1994
My So-Called Life,Claudia Weill,31,1994
Strange Days,Kathryn Bigelow,22,1995
Clueless,Amy Heckerling,14,1995
One Hundred and One Nights,Agnes Varda,27,1995
The World of Jacques Demy,Agnes Varda,16,1995
Shooting Gallery,Tamara Jenkins,5,1995
Murder One (1995-1997),Donna Deitch,22,1995
"Aim√© C√©saire, une voix pour l'histoire",Euzhan Palcy,0,1995
The Wonderful World of Disney,Euzhan Palcy,11,1995
The Barefoot Executive,Susan Seidelman,14,1995
A Tale of Love,Trinh T. Minh-ha,3,1995
"√Ä propos de Nice, la suite",Catherine Breillat,3,1995
Magazine for Fai,Lucrecia Martel,7,1995
Dead King,Lucrecia Martel,1,1995
Rich Deceiver,Gurinder Chadha,18,1995
Boys Don't Cry,Kimberly Peirce,4,1995
Three Wishes, Martha Coolidge,14,1995
Like It Never Was Before,Susanne Bier,7,1995
Four Rooms,Allison Anders,18,1995
Antonia's Line,Marleen Gorris,28,1995
Caroline in the City,Claudia Weill,18,1995
Women: Stories of Passion,Julie Dash,27,1996
Tracy Chapman: Give Me One Reason,Julie Dash,1,1996
A Couch in New York,Chantal Akerman,6,1996
"Bed, Bath and Beyond",Sofia Coppola,5,1996
The Flaming Lips: This Here Giraffe,Sofia Coppola,0,1996
Small Deaths,Lynne Ramsay,6,1996
The Blue Collar Worker and the Hairdresser in a Whirl of Sex and Politics,Lina Wertmu‚ï†√™ller,9,1996
The Nymph,Lina Wertmu‚ï†√™ller,8,1996
The Mirror Has Two Faces,Barbra Streisand,27,1996
Bound,Lilly Wachowski,5,1996
Bound,Lana Wachowski,5,1996
The Preacher's Wife,Penny Marshall,45,1996
The Portrait of a Lady,Jane Campion,11,1996
Not Fourteen Again,Gillian Armstrong,0,1996
Moloney,Donna Deitch,20,1996
Second Noah,Donna Deitch,20,1996
EZ Streets,Donna Deitch,13,1996
Hide and Seek,Su Friendrich,14,1996
Greetings from Africa,Cheryl Dunye,3,1996
The Watermelon Woman,Cheryl Dunye,144,1996
Dr. Hugo,Kasi Lemmons,5,1996
Early Edition,Susan Seidelman,15,1996
Tales of Erotica,Susan Seidelman,7,1996
Black Sheep,Penelope Spheeris,13,1996
Perfect Love,Catherine Breillat,10,1996
Historias Breves 1,Lucrecia Martel,9,1996
Grace of My Heart,Allison Anders,36,1996
Walking and Talking,Nicole Holofcener,14,1996
Staying Alive,Joanna Hogg,29,1996
Critical Choices,Claudia Weill,30,1996
SUBWAYStories: Tales from the Underground,Julie Dash,26,1997
Snake Feed,Debra Granik,3,1997
Oz,Barbara Kopple,7,1997
Wild Man Blues,Barbara Kopple,1,1997
Bowl of Pork,Gina Prince-Bythewood,0,1997
Oscar and Lucinda,Gillian Armstrong,30,1997
C-16: FBI,Donna Deitch,20,1997
Nothing Sacred,Donna Deitch,17,1997
Total Security,Donna Deitch,17,1997
Murder One: Diary of a Serial Killer,Donna Deitch,11,1997
The Visitor,Donna Deitch,16,1997
Dellaventura,Donna Deitch,17,1997
Eve's Bayou,Kasi Lemmons,18,1997
The Tango Lesson,Sally Potter,16,1997
In the Presence of Mine Enemies,Joan Micklin Silver,6,1997
Out to Sea, Martha Coolidge,23,1997
Credo,Susanne Bier,18,1997
Mrs Dalloway,Marleen Gorris,20,1997
Nothing Sacred,Claudia Weill,17,1997
Lick the Star,Sofia Coppola,11,1998
Gasman,Lynne Ramsay,4,1998
Woodstock '94,Barbara Kopple,0,1998
Defending Our Daughters: The Rights of Women in the World,Barbara Kopple,1,1998
Traps,Vera Chytilova,21,1998
Milk,Andrea Arnold,1,1998
Slums of Beverly Hills,amara Jenkins,11,1998
High Art,Lisa Cholodenko,11,1998
Angel on My Shoulder,Donna Deitch,2,1998
Sex and the City,Susan Seidelman,21,1998
Senseless,Penelope Spheeris,15,1998
The Decline of Western Civilization Part III,Penelope Spheeris,1,1998
Memory & Desire,Niki Caro,6,1998
A Fish in the Bathtub,Joan Micklin Silver,16,1998
The Parent Trap,Nancy Meyers,42,1998
Sex and the City, Martha Coolidge,21,1998
Sex and the City (1999-2000),Allison Anders,21,1998
L.A. Doctors,Nicole Holofcener,21,1998
Sex and the City (1998-2000),Nicole Holofcener,21,1998
Giving Up the Ghost,Claudia Weill,10,1998
Incognito,Julie Dash,5,1999
Funny Valentines,Julie Dash,17,1999
The Virgin Suicides,Sofia Coppola,29,1999
Ratcatcher,Lynne Ramsay,12,1999
Ferdinando e Carolina,Lina Wertmu‚ï†√™ller,13,1999
Independent Lens,Debra Granik,17,1999
The Matrix,Lilly Wachowski,11,1999
The Matrix,Lana Wachowski,11,1999
A Conversation with Gregory Peck,Barbara Kopple,4,1999
Holy Smoke,Jane Campion,25,1999
The Devil's Arithmetic,Donna Deitch,27,1999
Judging Amy,Donna Deitch,23,1999
Law & Order: Special Victims Unit (2002-2011),Donna Deitch,21,1999
A Cooler Climate,Susan Seidelman,13,1999
Now and Again,Susan Seidelman,12,1999
Don't Think Twice,Sarah Polley,2,1999
Hollywierd,Penelope Spheeris,4,1999
Romance,Catherine Breillat,15,1999
Las dependencias,Lucrecia Martel,0,1999
Ode,Kelly Reichardt,3,1999
Innocent Until Proven Guilty,Kirsten Johnson,0,1999
Invisible Child,Joan Micklin Silver,10,1999
The One and Only,Susanne Bier,13,1999
Sugar Town,Allison Anders,19,1999
Cold Feet,Nicole Holofcener,26,1999
Once and Again (1999-2001),Claudia Weill,24,1999
Love Song,Julie Dash,12,2000
The Captive,Chantal Akerman,16,2000
Air: Playground Love,Sofia Coppola,3,2000
The Weight of Water,Kathryn Bigelow,8,2000
Kill the Day,Lynne Ramsay,1,2000
Loser,Amy Heckerling,32,2000
The Gleaners & I,Agnes Varda,1,2000
Short 4: Seduction,Agnes Varda,0,2000
My Generation,Barbara Kopple,4,2000
Flights and Falls,Vera Chytilova,1,2000
Disappearing Acts,Gina Prince-Bythewood,25,2000
Love & Basketball,Gina Prince-Bythewood,51,2000
Girlfriends,Gina Prince-Bythewood,18,2000
The $treet (2000-2001),Donna Deitch,19,2000
Common Ground,Donna Deitch,28,2000
Dear Doughboy,Penelope Spheeris,0,2000
Girlfight,Karyn Kusama,12,2000
What's Cooking?,Gurinder Chadha,22,2000
The Man Who Cried,Sally Potter,27,2000
What Women Want,Nancy Meyers,91,2000
If These Walls Could Talk 2, Martha Coolidge,24,2000
Once in a Lifetime,Susanne Bier,25,2000
Grosse Pointe,Allison Anders,24,2000
The Luzhin Defence,Marleen Gorris,4,2000
Rocks at Whiskey Trench,Alanis Obomsawin,1,2000
Gilmore Girls,Nicole Holofcener,17,2000
Reach for the Moon,Joanna Hogg,12,2000
Francesca and Nunziata,Lina Wertmu‚ï†√™ller,7,2001
Timeless: Live in Concert,Barbra Streisand,7,2001
According to Jim,Penny Marshall,20,2001
Riding in Cars with Boys,Penny Marshall,36,2001
Expulsion from Paradise,Vera Chytilova,7,2001
Dog,Andrea Arnold,2,2001
The Bernie Mac Show,Gina Prince-Bythewood,19,2001
Six Feet Under,Lisa Cholodenko,22,2001
Charlotte Gray,Gillian Armstrong,13,2001
Crossing Jordan (2001-2007),Donna Deitch,22,2001
The Killing Yard,Euzhan Palcy,6,2001
Stranger Inside,Cheryl Dunye,27,2001
The Caveman's Valentine,Kasi Lemmons,11,2001
Gaudi Afternoon,Susan Seidelman,14,2001
I Shout Love,Sarah Polley,1,2001
Velocity Rules,Patty Jenkins,4,2001
Just Drive,Patty Jenkins,0,2001
We Sold Our Souls for Rock 'n Roll,Penelope Spheeris,2,2001
The Fourth Dimension,Trinh T. Minh-ha,0,2001
Brief Crossing,Catherine Breillat,3,2001
Fat Girl,Catherine Breillat,7,2001
Dark Stories: Tales from Beyond the Grave,Niki Caro,0,2001
Mercy Peak,Niki Caro,21,2001
La Ci√©naga,Lucrecia Martel,8,2001
The Ponder Heart, Martha Coolidge,12,2001
Leap Years, Martha Coolidge,18,2001
The Flamingo Rising, Martha Coolidge,8,2001
Things Behind the Sun,Allison Anders,16,2001
Lovely & Amazing,Nicole Holofcener,23,2001
Six Feet Under (2003-2004),Nicole Holofcener,22,2001
The Rosa Parks Story,Julie Dash,26,2002
K-19: The Widowmaker,Kathryn Bigelow,2,2002
Morvern Callar,Lynne Ramsay,8,2002
Homage to Zgougou the Cat,Agnes Varda,1,2002
The Gleaners and I: Two Years Later,Agnes Varda,2,2002
Confident for Life: Kids & Body Image,Barbara Kopple,1,2002
The Hamptons,Barbara Kopple,3,2002
"Push, Nevada",Lisa Cholodenko,11,2002
Laurel Canyon,Lisa Cholodenko,17,2002
Power and Beauty,Susan Seidelman,13,2002
All I Want for Christmas,Sarah Polley,2,2002
Sex Is Comedy,Catherine Breillat,9,2002
Real Women Have Curves,Patricia Cardoso,17,2002
Whale Rider,Niki Caro,11,2002
Bend It Like Beckham,Gurinder Chadha,28,2002
Charms for the Easy Life,Joan Micklin Silver,20,2002
Hidden Hills, Martha Coolidge,26,2002
Girls Club, Martha Coolidge,22,2002
Open Hearts,Susanne Bier,10,2002
In the Echo,Allison Anders,6,2002
Is the Crown at War with Us?,Alanis Obomsawin,1,2002
Leap of Faith,Nicole Holofcener,22,2002
Avec Sonia Wieder-Atherton,Chantal Akerman,3,2003
The White Stripes: I Just Don't Know What to Do with Myself,Sofia Coppola,1,2003
Lost in Translation,Sofia Coppola,15,2003
Karen Sisco,Kathryn Bigelow,11,2003
The Vanishing Lion,Agnes Varda,4,2003
The Matrix Revolutions,Lilly Wachowski,14,2003
The Matrix Reloaded,Lilly Wachowski,19,2003
Enter the Matrix,Lilly Wachowski,18,2003
Enter the Matrix,Lana Wachowski,18,2003
The Matrix Reloaded,Lana Wachowski,19,2003
The Matrix Revolutions,Lana Wachowski,14,2003
I Married...,Barbara Kopple,2,2003
In the Cut,Jane Campion,21,2003
Wasp,Andrea Arnold,7,2003
Coming Up,Andrea Arnold,15,2003
Wild Card,Donna Deitch,22,2003
Dragnet,Donna Deitch,18,2003
Monster,Patty Jenkins,13,2003
Arrested Development,Patty Jenkins,18,2003
The Crooked E: The Unshredded Truth About Enron,Penelope Spheeris,10,2003
Hunger Point,Joan Micklin Silver,19,2003
Thirteen,Catherine Hardwick,19,2003
Something's Gotta Give,Nancy Meyers,54,2003
Cold Case,Allison Anders,15,2003
Carolina,Marleen Gorris,25,2003
EastEnders: Dot's Story,Joanna Hogg,5,2003
Brothers of the Borderland,Julie Dash,2,2004
Tomorrow We Move,Chantal Akerman,11,2004
Too Much Romance... It's Time for Stuffed Peppers,Lina Wertmu‚ï†√™ller,8,2004
Down to the Bone,Debra Granik,14,2004
Viennale Walzer,Agnes Varda,1,2004
"Ydessa, the Bears and etc.",Agnes Varda,0,2004
"Choices: The Good, the Bad, the Ugly",Tamara Jenkins,1,2004
Cavedweller,Lisa Cholodenko,20,2004
The L Word,Lisa Cholodenko,34,2004
My Baby's Daddy,Cheryl Dunye,22,2004
The Ranch,Susan Seidelman,23,2004
The Shields Stories,Sarah Polley,7,2004
Entourage,Patty Jenkins,22,2004
Cracking Up,Penelope Spheeris,27,2004
Night Passage,Trinh T. Minh-ha,1,2004
Anatomy of Hell,Catherine Breillat,5,2004
The L Word,Karyn Kusama,34,2004
The Holy Girl,Lucrecia Martel,18,2004
Bride & Prejudice,Gurinder Chadha,17,2004
Deadline,Kirsten Johnson,0,2004
Yes,Sally Potter,12,2004
The L Word,Kimberly Peirce,34,2004
The Prince and Me, Martha Coolidge,23,2004
The Twelve Days of Christmas Eve, Martha Coolidge,9,2004
Huff, Martha Coolidge,25,2004
Brothers,Susanne Bier,7,2004
The L Word,Allison Anders,34,2004
Backwards Boy,Nora Twomey,0,2004
The L Word,Marleen Gorris,34,2004
VOID,Sofia Coppola,0,2005
The Office,Amy Heckerling,18,2005
Cl√©o from 5 to 7: Remembrances and Anecdotes,Agnes Varda,3,2005
The Matrix Online,Lilly Wachowski,6,2005
The Matrix: Path of Neo,Lilly Wachowski,22,2005
The Matrix: Path of Neo,Lana Wachowski,22,2005
The Matrix Online,Lana Wachowski,6,2005
Bearing Witness,Barbara Kopple,0,2005
Havoc,Barbara Kopple,18,2005
P√°tr√°n√≠ po Ester,Vera Chytilova,6,2005
Everybody Hates Chris,Gina Prince-Bythewood,17,2005
Grey's Anatomy,Donna Deitch,28,2005
Bones,Donna Deitch,16,2005
South of Nowhere,Donna Deitch,23,2005
Seeing Red,Su Friendrich,1,2005
Who's the Top?,Jennie Livingston,7,2005
Stella,Susan Seidelman,24,2005
Boynton Beach Club,Susan Seidelman,21,2005
Monster,Jennifer Kent,1,2005
Two Twisted,Jennifer Kent,17,2005
The Kid & I,Penelope Spheeris,19,2005
North Country,Niki Caro,20,2005
√Üon Flux,Karyn Kusama,25,2005
Orange Bow,Dee Rees,2,2005
Lords of Dogtown,Catherine Hardwick,27,2005
Weeds, Martha Coolidge,23,2005
Related, Martha Coolidge,23,2005
Sigwan,Alanis Obomsawin,2,2005
Down There,Chantal Akerman,1,2006
Marie Antoinette,Sofia Coppola,29,2006
Shut Up & Sing,Barbara Kopple,9,2006
Pleasant Moments,Vera Chytilova,13,2006
The Water Diary,Jane Campion,8,2006
Red Road,Andrea Arnold,13,2006
Unfolding Florence: The Many Lives of Florence Broadhurst,Gillian Armstrong,8,2006
Heroes,Donna Deitch,19,2006
Eureka,Donna Deitch,20,2006
Parcours de dissidents,Euzhan Palcy,0,2006
The Electric Company (2009-2010),Susan Seidelman,15,2006
Away from Her,Sarah Polley,19,2006
Saturday Night Life,Ava DuVernay,2,2006
Si je reste,Catherine Breillat,1,2006
La fid√©lit√©,Catherine Breillat,1,2006
La ciudad que huye,Lucrecia Martel,1,2006
Old Joy,Kelly Reichardt,7,2006
"Paris, je t'aime",Gurinder Chadha,41,2006
The Nativity Story,Catherine Hardwick,18,2006
The Holiday,Nancy Meyers,30,2006
Material Girls, Martha Coolidge,34,2006
Psych, Martha Coolidge,13,2006
Shark, Martha Coolidge,15,2006
After the Wedding,Susanne Bier,14,2006
What About Brian,Allison Anders,25,2006
Men in Trees,Allison Anders,20,2006
Friends with Money,Nicole Holofcener,20,2006
State of the World,Chantal Akerman,4,2007
Mission Zero,Kathryn Bigelow,5,2007
I Could Never Be Your Woman,Amy Heckerling,19,2007
Gossip Girl,Amy Heckerling,29,2007
Vive les courts metrages: Agn√®s Varda pr√©sente les siens en DVD,Agnes Varda,1,2007
High School Musical: The Music in You,Barbara Kopple,2,2007
Persepolis,Marjane Satrapi,13,2007
To Each His Own Cinema,Jane Campion,52,2007
The Savages,Tamara Jenkins,27,2007
Reflections,Gina Prince-Bythewood,3,2007
Death Defying Acts,Gillian Armstrong,17,2007
Army Wives,Donna Deitch,23,2007
Private Practice (2009-2010),Donna Deitch,23,2007
The Brides of Bourbon Island,Euzhan Palcy,14,2007
Water Lilies,C‚îú‚åêline Sciamma,10,2007
The Last Mistress,Catherine Breillat,18,2007
Pariah,Dee Rees,7,2007
Things We Lost in the Fire,Susanne Bier,16,2007
Gene Boy Came Home,Alanis Obomsawin,0,2007
Unrelated,Joanna Hogg,10,2007
The Hurt Locker,Kathryn Bigelow,3,2008
La petite histoire de Gwen la bretonne,Agnes Varda,1,2008
The Beaches of Agn√®s,Agnes Varda,18,2008
Speed Racer,Lilly Wachowski,23,2008
Speed Racer,Lana Wachowski,23,2008
The D.C. Sniper's Wife: A Barbara Kopple Film,Barbara Kopple,0,2008
Nights and Weekends,Greta Gerwig,5,2008
8,Jane Campion,31,2008
Cinema 16 World Short Films,Andrea Arnold,2,2008
The Secret Life of Bees,Gina Prince-Bythewood,22,2008
This Is the Life,Ava DuVernay,1,2008
X Femmes,M‚îú‚åêlanie Laurent,31,2008
De moins en moins,M‚îú‚åêlanie Laurent,2,2008
The Headless Woman,Lucrecia Martel,6,2008
Wendy and Lucy,Kelly Reichardt,13,2008
"Angus, Thongs and Perfect Snogging",Gurinder Chadha,20,2008
Twilight,Catherine Hardwick,17,2008
Stop-Loss,Kimberly Peirce,25,2008
The Mentalist,Allison Anders,18,2008
The Atlas Mountains,Chloe Zhao,1,2009
√Ä l'Est avec Sonia Wieder-Atherton,Chantal Akerman,1,2009
Dior: Miss Dior Cherie,Sofia Coppola,1,2009
Mannaggia alla miseria!,Lina Wertmu‚ï†√™ller,16,2009
United States of Tara (2010-2011),Penny Marshall,25,2009
Woodstock: Now & Then,Barbara Kopple,8,2009
30 for 30,Barbara Kopple,0,2009
Bright Star,Jane Campion,12,2009
Fish Tank,Andrea Arnold,25,2009
Hung,Lisa Cholodenko,26,2009
Madonna: Celebration - The Video Collection,Susan Seidelman,21,2009
Bluebeard,Catherine Breillat,11,2009
A Heavenly Vintage,Niki Caro,10,2009
Jennifer's Body,Karyn Kusama,38,2009
Colonial Gods,Dee Rees,0,2009
Rage,Sally Potter,4,2009
It's Complicated,Nancy Meyers,43,2009
Tribute, Martha Coolidge,11,2009
Drop Dead Diva, Martha Coolidge,22,2009
An American Girl: Chrissa Stands Strong, Martha Coolidge,15,2009
The List,Rungano Nyoni,3,2009
Twenty Questions,Rungano Nyoni,3,2009
Southland (2011-2012),Allison Anders,20,2009
The Secret of Kells,Nora Twomey,6,2009
Within the Whirlwind,Marleen Gorris,21,2009
Professor Norman Cornett,Alanis Obomsawin,1,2009
Bored to Death,Nicole Holofcener,23,2009
Parks and Recreation (2011-2013),Nicole Holofcener,17,2009
Daughters,Chloe Zhao,1,2010
Somewhere,Sofia Coppola,57,2010
Winter's Bone,Debra Granik,14,2010
Women Without Men,Penny Marshall,7,2010
The Kids Are All Right,Lisa Cholodenko,10,2010
"Love, Lust & Lies",Gillian Armstrong,0,2010
The Glades,Donna Deitch,19,2010
The Owls,Cheryl Dunye,14,2010
TV One Night Only: Live from the Essence Music Festival,Ava DuVernay,13,2010
My Mic Sounds Nice: A Truth About Women and Hip Hop,Ava DuVernay,8,2010
Essence Presents: Faith in 2010,Ava DuVernay,3,2010
I Will Follow,Ava DuVernay,6,2010
Pauline,C‚îú‚åêline Sciamma,2,2010
The Sleeping Beauty,Catherine Breillat,22,2010
Lies in Plain Sight,Patricia Cardoso,12,2010
42 One Dream Rush,Niki Caro,7,2010
New Argir√≥polis,Lucrecia Martel,24,2010
"25 miradas, 200 minutos",Lucrecia Martel,18,2010
Pescados,Lucrecia Martel,1,2010
Meek's Cutoff,Kelly Reichardt,3,2010
It's a Wonderful Afterlife,Gurinder Chadha,12,2010
The Glades, Martha Coolidge,19,2010
In a Better World,Susanne Bier,19,2010
The Slope (2010-2012),Desiree Akhavan,5,2010
Nose Job,Desiree Akhavan,0,2010
When All the Leaves Are Gone,Alanis Obomsawin,4,2010
Please Give,Nicole Holofcener,24,2010
Archipelago,Joanna Hogg,3,2010
Benachin,Chloe Zhao,1,2011
Almayer's Folly,Chantal Akerman,2,2011
Dior: Miss Dior,Sofia Coppola,1,2011
The Miraculous Year,Kathryn Bigelow,10,2011
We Need to Talk About Kevin,Lynne Ramsay,20,2011
Suburgatory,Amy Heckerling,26,2011
Agnes Varda: From Here to There,Agnes Varda,2,2011
Gun Fight,Barbara Kopple,1,2011
Chicken With Plums,Marjane Satrapi,10,2011
Wuthering Heights,Andrea Arnold,7,2011
A Gifted Man,Donna Deitch,24,2011
Off the Map,Donna Deitch,20,2011
Musical Chairs,Susan Seidelman,23,2011
Take This Waltz,Sarah Polley,14,2011
The Killing (2011-2012),Patty Jenkins,19,2011
Five,Patty Jenkins,29,2011
Tomboy,C‚îú‚åêline Sciamma,7,2011
Balls to the Wall,Penelope Spheeris,25,2011
Five,Penelope Spheeris,29,2011
Deep Blue Breath,Patricia Cardoso,3,2011
The Adopted,M‚îú‚åêlanie Laurent,12,2011
Muta,Lucrecia Martel,9,2011
Hell on Wheels,Catherine Hardwick,8,2011
Red Riding Hood,Catherine Hardwick,18,2011
Mystery Girl,Allison Anders,10,2011
Rembrandt en ik,Marleen Gorris,14,2011
Enlightened (2011-2013),Nicole Holofcener,25,2011
I Hate That I Love You,Nicole Holofcener,11,2011
Zero Dark Thirty,Kathryn Bigelow,10,2012
Swimmer,Lynne Ramsay,5,2012
Vamps,Amy Heckerling,19,2012
Cloud Atlas,Lilly Wachowski,28,2012
Cloud Atlas,Lana Wachowski,28,2012
Gang of the Jotas,Marjane Satrapi,2,2012
Mommy Is Coming,Cheryl Dunye,12,2012
Stories We Tell,Sarah Polley,15,2012
Scandal,Ava DuVernay,23,2012
Middle of Nowhere,Ava DuVernay,19,2012
The Real St. Nick,Penelope Spheeris,5,2012
Ro,Patricia Cardoso,2,2012
Chicago Fire,Karyn Kusama,19,2012
Surp√™che,M‚îú‚åêlanie Laurent,0,2012
Ginger & Rosa,Sally Potter,12,2012
The Unknown, Martha Coolidge,13,2012
Africa First: Volume Two,Rungano Nyoni,2,2012
Love Is All You Need,Susanne Bier,16,2012
Strutter,Allison Anders,6,2012
Girls,Claudia Weill,22,2012
Dior: Miss Dior Blooming Bouquet,Sofia Coppola,1,2013
Phoenix: Chloroform,Sofia Coppola,1,2013
The Bling Ring,Sofia Coppola,34,2013
The Carrie Diaries (2013-2014),Amy Heckerling,22,2013
Running from Crazy,Barbara Kopple,4,2013
Vanity Fair: Decades,Barbara Kopple,15,2013
Top of the Lake (2013-2017),Jane Campion,26,2013
The Fosters,Cheryl Dunye,27,2013
Valencia,Cheryl Dunye,16,2013
Black Nativity,Kasi Lemmons,36,2013
The Hot Flashes,Susan Seidelman,27,2013
Betrayal,Patty Jenkins,22,2013
The Door,Ava DuVernay,5,2013
Nine for IX,Ava DuVernay,10,2013
Venice 70: Future Reloaded,Catherine Breillat,3,2013
Abuse of Weakness,Catherine Breillat,16,2013
Meddling Mom,Patricia Cardoso,5,2013
Masters of Sex,Karyn Kusama,23,2013
Speechless,Karyn Kusama,2,2013
Boys on Film 9: Youth in Trouble,Dee Rees,3,2013
Night Moves,Kelly Reichardt,10,2013
Frozen,Jennifer Lee,28,2013
Low Winter Sun,Catherine Hardwick,15,2013
Plush,Catherine Hardwick,12,2013
Carrie,Kimberly Peirce,31,2013
Ring of Fire,Allison Anders,18,2013
Orange Is the New Black,Allison Anders,39,2013
Inside Amy Schumer,Nicole Holofcener,18,2013
Orange Is the New Black,Nicole Holofcener,39,2013
Enough Said,Nicole Holofcener,19,2013
Exhibition,Joanna Hogg,3,2013
Rake,Amy Heckerling,24,2014
Red Oaks (2015-2017),Amy Heckerling,19,2014
"Roma, Napoli, Venezia... in un crescendo rossiniano",Lina Wertmu‚ï†√™ller,2,2014
Stray Dog,Debra Granik,0,2014
Un salut √† Henri Langlois,Agnes Varda,1,2014
We the Economy: 20 Short Films You Can't Afford to Miss,Barbara Kopple,5,2014
The Voices,Marjane Satrapi,10,2014
Transparent (2015-2017),Andrea Arnold,30,2014
Beyond the Lights,Gina Prince-Bythewood,35,2014
Olive Kitteridge,Lisa Cholodenko,26,2014
Transparent,Marielle Heller,30,2014
Black Is Blue,Cheryl Dunye,1,2014
Brother from Another Time,Cheryl Dunye,1,2014
The Babadook,Jennifer Kent,20,2014
How the 'Dook Stole Christmas,Jennifer Kent,0,2014
Selma,Ava DuVernay,43,2014
"Les 18 du 57, Boulevard de Strasbourg",C‚îú‚åêline Sciamma,0,2014
Girlhood,C‚îú‚åêline Sciamma,25,2014
Halt and Catch Fire (2014-2017),Karyn Kusama,18,2014
Breathe,M‚îú‚åêlanie Laurent,15,2014
Reckless,Catherine Hardwick,19,2014
We the Economy: 20 Short Films You Can't Afford to Miss,Catherine Hardwick,5,2014
Manhattan,Kimberly Peirce,13,2014
Halt and Catch Fire (2015-2016),Kimberly Peirce,18,2014
TURN: Washington's Spies,Kimberly Peirce,9,2014
Madam Secretary, Martha Coolidge,21,2014
The Night Shift, Martha Coolidge,23,2014
Killer Women, Martha Coolidge,20,2014
Nordic Factory,Rungano Nyoni,1,2014
Listen,Rungano Nyoni,4,2014
A Second Chance,Susanne Bier,18,2014
Serena,Susanne Bier,11,2014
The Affair,Allison Anders,23,2014
Gang Related,Allison Anders,13,2014
The Divide,Allison Anders,18,2014
Murder in the First (2014-2016),Allison Anders,17,2014
TURN: Washington's Spies,Allison Anders,9,2014
Appropriate Behavior,Desiree Akhavan,24,2014
Trick or Treaty?,Alanis Obomsawin,1,2014
Songs My Brothers Taught Me,Chloe Zhao,10,2015
No Home Movie,Chantal Akerman,2,2015
Les 3 boutons,Agnes Varda,3,2015
Sense8,Lilly Wachowski,22,2015
Jupiter Ascending,Lilly Wachowski,40,2015
Jupiter Ascending,Lana Wachowski,40,2015
Sense8 (2015-2018),Lana Wachowski,22,2015
Sense8: Creating the World,Lana Wachowski,9,2015
Miss Sharon Jones!,Barbara Kopple,2,2015
The Slap,Lisa Cholodenko,23,2015
Women He's Undressed,Gillian Armstrong,13,2015
The Diary of a Teenage Girl,Marielle Heller,25,2015
Casual,Marielle Heller,30,2015
Exposed,Patty Jenkins,17,2015
For Justice,Ava DuVernay,12,2015
"McFarland, USA",Niki Caro,27,2015
Juanes: Juntos,Niki Caro,0,2015
The Man in the High Castle (2015-2016),Karyn Kusama,13,2015
The Invitation,Karyn Kusama,7,2015
Casual,Karyn Kusama,30,2015
Empire,Dee Rees,25,2015
Bessie,Dee Rees,39,2015
Tomorrow,M‚îú‚åêlanie Laurent,2,2015
The Empty Classroom,Lucrecia Martel,1,2015
Leguas,Lucrecia Martel,9,2015
Field of Vision,Kirsten Johnson,0,2015
Frozen Fever,Jennifer Lee,6,2015
There's a Place,Catherine Hardwick,1,2015
Til It Happens to You,Catherine Hardwick,9,2015
Eye Candy,Catherine Hardwick,24,2015
Miss You Already,Catherine Hardwick,30,2015
The Intern,Nancy Meyers,67,2015
American Crime,Kimberly Peirce,20,2015
Proof,Allison Anders,24,2015
Unbreakable Kimmy Schmidt,Nicole Holofcener,21,2015
Togetherness,Nicole Holofcener,25,2015
One Mississippi (2015-2016),Nicole Holofcener,27,2015
Queen Sugar,Julie Dash,23,2016
American Honey,Andrea Arnold,10,2016
I Love Dick,Andrea Arnold,25,2016
Great Performers: L.A. Noir,Gina Prince-Bythewood,6,2016
Greenleaf,Donna Deitch,25,2016
Star,Cheryl Dunye,24,2016
Queen Sugar (2017-2019),Cheryl Dunye,23,2016
Luke Cage,Kasi Lemmons,17,2016
Queen Sugar,Ava DuVernay,23,2016
August 28th,Ava DuVernay,4,2016
La Clave,Patricia Cardoso,2,2016
Queen Sugar,Patricia Cardoso,23,2016
Billions (2016-2017),Karyn Kusama,14,2016
Certain Women,Kelly Reichardt,11,2016
Cameraperson,Kirsten Johnson,0,2016
Eyewitness,Catherine Hardwick,20,2016
This Is Us (2018-2020),Catherine Hardwick,24,2016
Game of Silence,Kimberly Peirce,20,2016
I Love Dick,Kimberly Peirce,25,2016
Angie Tribeca, Martha Coolidge,23,2016
The Night Manager,Susanne Bier,16,2016
Graves,Allison Anders,24,2016
We Can't Make the Same Mistake Twice,Alanis Obomsawin,1,2016
Early Women Filmmakers,Lois Weber,3,2017
Early Women Filmmakers,Dorothy Arzner,3,2017
The Rider,Chloe Zhao,7,2017
Travel Notes of a Geechee Girl,Julie Dash,2,2017
La Traviata,Sofia Coppola,2,2017
The Beguiled,Sofia Coppola,7,2017
Detroit,Kathryn Bigelow,23,2017
Early Women Filmmakers,Lotte Reiniger,3,2017
You Were Never Really Here,Lynne Ramsay,18,2017
Barbra: The Music... The Mem'ries... The Magic!,Barbra Streisand,6,2017
Faces Places,Agnes Varda,2,2017
This Is Everything: Gigi Gorgeous,Barbara Kopple,4,2017
A Murder in Mansfield,Barbara Kopple,0,2017
Lady Bird,Greta Gerwig,38,2017
Early Women Filmmakers,Maya Deren,3,2017
Shots Fired,Gina Prince-Bythewood,15,2017
I Cannot Tell You How I Feel,Su Friendrich,3,2017
Dear White People,Cheryl Dunye,21,2017
Claws,Cheryl Dunye,26,2017
Shots Fired,Kasi Lemmons,15,2017
Cut in Half,Susan Seidelman,4,2017
Wonder Woman,Patty Jenkins,73,2017
Epilogue: Etta's Mission,Patty Jenkins,1,2017
Jay Z: Family Feud ft. Beyonc√©,Ava DuVernay,16,2017
El Paseo De Teresa,Patricia Cardoso,3,2017
Anne with an E,Niki Caro,27,2017
The Zookeeper's Wife,Niki Caro,23,2017
XX,Karyn Kusama,18,2017
Mudbound,Dee Rees,16,2017
Electric Dreams,Dee Rees,22,2017
When We Rise,Dee Rees,20,2017
Diving,M‚îú‚åêlanie Laurent,16,2017
Zama,Lucrecia Martel,17,2017
Early Women Filmmakers,Mabel Normand,3,2017
Viceroy's House,Gurinder Chadha,13,2017
The Party,Sally Potter,4,2017
The Black Ghiandola,Catherine Hardwick,6,2017
Six (2017-2018),Kimberly Peirce,18,2017
Dear White People (2018-2019),Kimberly Peirce,21,2017
I Am Not A Witch,Rungano Nyoni,54,2017
Beaches,Allison Anders,14,2017
Riverdale,Allison Anders,24,2017
Time After Time,Allison Anders,17,2017
The Breadwinner,Nora Twomey,5,2017
Leave No Trace,Debra Granik,14,2018
ReMastered: Tricky Dick and the Man in Black,Barbara Kopple,5,2018
Private Life,Tamara Jenkins,33,2018
Cloak & Dagger,Gina Prince-Bythewood,16,2018
Here and Now,Lisa Cholodenko,24,2018
Can You Ever Forgive Me?,Marielle Heller,28,2018
The Chi,Cheryl Dunye,20,2018
Pose,Jennie Livingston,27,2018
The Nightingale,Jennifer Kent,26,2018
A Wrinkle in Time,Ava DuVernay,28,2018
Destroyer,Karyn Kusama,13,2018
Walmart: The Box,Dee Rees,1,2018
Galveston,M‚îú‚åêlanie Laurent,15,2018
Julieta Laso: Fantasmas,Lucrecia Martel,3,2018
Walmart: The Box,Nancy Meyers,1,2018
Kidding,Kimberly Peirce,22,2018
Siren, Martha Coolidge,24,2018
Bird Box,Susanne Bier,19,2018
Sorry for Your Loss,Allison Anders,30,2018
Mayans M.C.,Allison Anders,12,2018
The Miseducation of Cameron Post,Desiree Akhavan,27,2018
The Bisexual,Desiree Akhavan,18,2018
The Land of Steady Habits,Nicole Holofcener,13,2018
Brigitte,Lynne Ramsay,0,2019
Varda by Agn√®s,Agnes Varda,3,2019
Desert One,Barbara Kopple,0,2019
Little Women,Greta Gerwig,53,2019
Radioactive,Marjane Satrapi,22,2019
Unbelievable,Lisa Cholodenko,24,2019
A Beautiful Day in the Neighborhood,Marielle Heller,36,2019
All Rise (2019-2020),Cheryl Dunye,23,2019
David Makes Man,Cheryl Dunye,21,2019
The Village,Cheryl Dunye,22,2019
Harriet,Kasi Lemmons,29,2019
I Am the Night,Patty Jenkins,18,2019
When They See Us,Ava DuVernay,18,2019
Portrait of a Lady on Fire,C‚îú‚åêline Sciamma,8,2019
Tales of the City,Patricia Cardoso,26,2019
All Rise,Patricia Cardoso,23,2019
In the Dark,Patricia Cardoso,23,2019
The Society,Patricia Cardoso,21,2019
Emergence,Patricia Cardoso,21,2019
First Cow,Kelly Reichardt,2,2019
Beecham House,Gurinder Chadha,11,2019
Blinded by the Light,Gurinder Chadha,20,2019
Frozen II,Jennifer Lee,28,2019
Miss Bala,Catherine Hardwick,11,2019
The Lost Boys,Catherine Hardwick,3,2019
I'll Find You, Martha Coolidge,20,2019
Ramy,Desiree Akhavan,19,2019
Briarpatch,Desiree Akhavan,18,2019
"Jordan River Anderson, the Messenger",Alanis Obomsawin,2,2019
Mrs. Fletcher,Nicole Holofcener,19,2019
The Souvenir,Joanna Hogg,18,2019
Nomadland,Chloe Zhao,3,2020
On the Rocks,Sofia Coppola,23,2020
Royalties,Amy Heckerling,4,2020
Rodman,Penny Marshall,0,2020
The Old Guard,Gina Prince-Bythewood,14,2020
Lovecraft Country,Cheryl Dunye,11,2020
Self Made: Inspired by the Life of Madam C.J. Walker,Kasi Lemmons,28,2020
Hey Lady!,Sarah Polley,6,2020
Wonder Woman 1984,Patty Jenkins,69,2020
DMZ,Ava DuVernay,13,2020
Party of Five,Patricia Cardoso,32,2020
Mulan,Niki Caro,13,2020
The Outsider,Karyn Kusama,20,2020
The Last Thing He Wanted,Dee Rees,41,2020
Space Force,Dee Rees,20,2020
Dick Johnson Is Dead,Kirsten Johnson,1,2020
The Roads Not Taken,Sally Potter,13,2020
The Undoing,Susanne Bier,23,2020
The Souvenir: Part II,Joanna Hogg,7,2021
The Matrix 4,Lana Wachowski,8,2022